{
    "powerSave":{
        "name":"省电",
        "value":"26",
        "speed":"1",
        "model":"3"
    },
    "fastCooling":{
        "name":"快速降温",
        "value":"20",
        "speed":"3",
        "model":"3"
    },
    "cosy":{
        "name":"舒适",
        "value":"25",
        "speed":"2",
        "model":"3"
    },
    "model1":{
        "name":"",
        "value":"",
        "speed":"",
        "model":""
    },
    "model2":{
        "name":"",
        "value":"",
        "speed":"",
        "model":""
    },
    "model3":{
        "name":"",
        "value":"",
        "speed":"",
        "model":""
    }
}